Name,frame,x1,y1,x2,y2,label,person_id
053oq2xB3oU,60,7.68,45.0,288.0,323.64,11,0
053oq2xB3oU,60,250.56,77.03999999999999,380.16,245.52,11,1
053oq2xB3oU,60,334.56,84.24000000000001,455.03999999999996,302.76,11,2
053oq2xB3oU,61,7.660131454467773,44.984764099121094,287.97308349609375,323.6339111328125,Nan,0
053oq2xB3oU,61,334.5466613769531,84.22315216064453,455.021240234375,302.755615234375,Nan,2
053oq2xB3oU,62,-1,-1,-1,-1,Nan,Nan
053oq2xB3oU,63,281.97406005859375,80.11742401123047,464.1782531738281,359.994384765625,Nan,3
053oq2xB3oU,63,191.79498291015625,73.41741180419922,433.8824157714844,359.9939880371094,Nan,4
053oq2xB3oU,64,281.96630859375,80.11007690429688,464.1670837402344,359.9915466308594,Nan,3
053oq2xB3oU,64,191.78433227539062,73.41016387939453,433.8681640625,359.9909973144531,Nan,4
053oq2xB3oU,65,281.95855712890625,80.10274505615234,464.1558837890625,359.98876953125,Nan,3
053oq2xB3oU,65,191.77369689941406,73.40290832519531,433.85394287109375,359.98797607421875,Nan,4
053oq2xB3oU,66,-0.04433155059814453,33.28883361816406,341.096435546875,359.9831848144531,Nan,6
053oq2xB3oU,66,281.9507751464844,80.09540557861328,464.14471435546875,359.9859313964844,Nan,3
053oq2xB3oU,66,191.76303100585938,73.39566802978516,433.8396301269531,359.9849853515625,Nan,4
053oq2xB3oU,67,-0.055403709411621094,33.28243637084961,341.0823974609375,359.9789733886719,Nan,6
053oq2xB3oU,67,281.94293212890625,80.08805847167969,464.1335144042969,359.98309326171875,Nan,3
053oq2xB3oU,67,191.7523956298828,73.38841247558594,433.82537841796875,359.9819641113281,Nan,4
053oq2xB3oU,68,-0.06650447845458984,33.276031494140625,341.0683288574219,359.9747619628906,Nan,6
053oq2xB3oU,68,281.9351501464844,80.08072662353516,464.1222839355469,359.9803161621094,Nan,3
053oq2xB3oU,68,191.74176025390625,73.38117980957031,433.8111267089844,359.97900390625,Nan,4
053oq2xB3oU,69,-0.0775766372680664,33.26962661743164,341.0543212890625,359.9705810546875,Nan,6
053oq2xB3oU,69,281.92730712890625,80.07340240478516,464.111083984375,359.97747802734375,Nan,3
053oq2xB3oU,69,191.73110961914062,73.37393188476562,433.796875,359.9759826660156,Nan,4
053oq2xB3oU,70,-0.08864879608154297,33.26323318481445,341.04022216796875,359.96636962890625,Nan,6
053oq2xB3oU,70,281.9195251464844,80.06607055664062,464.099853515625,359.97467041015625,Nan,3
053oq2xB3oU,70,191.72044372558594,73.36669158935547,433.7825927734375,359.97296142578125,Nan,4
053oq2xB3oU,71,-0.09974956512451172,33.25682830810547,341.0262145996094,359.9621887207031,Nan,6
053oq2xB3oU,71,281.9117126464844,80.05874633789062,464.08868408203125,359.9718933105469,Nan,3
053oq2xB3oU,71,191.70980834960938,73.35943603515625,433.7683410644531,359.969970703125,Nan,4
053oq2xB3oU,72,-0.11083602905273438,33.25043487548828,341.0121765136719,359.9579772949219,Nan,6
053oq2xB3oU,72,281.9039306640625,80.05140686035156,464.0774230957031,359.96905517578125,Nan,3
053oq2xB3oU,72,191.6991729736328,73.35218048095703,433.75408935546875,359.9669494628906,Nan,4
053oq2xB3oU,73,-0.12192249298095703,33.24403762817383,340.99810791015625,359.9537658691406,Nan,6
053oq2xB3oU,73,281.8961181640625,80.04405975341797,464.0662536621094,359.9662170410156,Nan,3
053oq2xB3oU,73,191.68849182128906,73.34495544433594,433.7398376464844,359.9639892578125,Nan,4
053oq2xB3oU,74,-0.13302326202392578,33.23764419555664,340.9840393066406,359.9495849609375,Nan,6
053oq2xB3oU,74,281.8883056640625,80.03671264648438,464.05499267578125,359.9634094238281,Nan,3
053oq2xB3oU,74,191.67784118652344,73.33770751953125,433.72552490234375,359.9609680175781,Nan,4
053oq2xB3oU,75,-0.14408111572265625,33.23125076293945,340.97003173828125,359.94537353515625,Nan,6
053oq2xB3oU,75,281.8804931640625,80.02935791015625,464.0438232421875,359.9606018066406,Nan,3
053oq2xB3oU,75,191.6671905517578,73.33045959472656,433.7112731933594,359.9579772949219,Nan,4
053oq2xB3oU,76,134.62960815429688,91.19119262695312,294.44586181640625,359.98480224609375,Nan,7
053oq2xB3oU,76,-0.155181884765625,33.22483444213867,340.9559326171875,359.9411315917969,Nan,6
053oq2xB3oU,76,281.8726806640625,80.02201080322266,464.0326232910156,359.957763671875,Nan,3
053oq2xB3oU,76,191.6565399169922,73.32320404052734,433.69696044921875,359.9549560546875,Nan,4
053oq2xB3oU,77,134.6176300048828,91.1836929321289,294.4306945800781,359.9822692871094,Nan,7
053oq2xB3oU,77,-0.16626834869384766,33.21846008300781,340.9418640136719,359.93695068359375,Nan,6
053oq2xB3oU,77,281.8648986816406,80.01468658447266,464.02142333984375,359.9549865722656,Nan,3
053oq2xB3oU,77,191.64585876464844,73.31594848632812,433.6827392578125,359.95196533203125,Nan,4
053oq2xB3oU,78,134.6056671142578,91.17621612548828,294.41552734375,359.979736328125,Nan,7
053oq2xB3oU,78,-0.17734050750732422,33.212066650390625,340.9278564453125,359.9327392578125,Nan,6
053oq2xB3oU,78,281.85711669921875,80.00733184814453,464.01019287109375,359.9521484375,Nan,3
053oq2xB3oU,78,191.63519287109375,73.30870056152344,433.6684265136719,359.9489440917969,Nan,4
053oq2xB3oU,79,134.5936737060547,91.16873168945312,294.4003601074219,359.97723388671875,Nan,7
053oq2xB3oU,79,-0.18841266632080078,33.20566177368164,340.91375732421875,359.9285583496094,Nan,6
053oq2xB3oU,79,281.8493347167969,79.99998474121094,463.9989929199219,359.9493103027344,Nan,3
053oq2xB3oU,79,191.62457275390625,73.30146026611328,433.6541748046875,359.9459228515625,Nan,4
053oq2xB3oU,80,134.58172607421875,91.16127014160156,294.38519287109375,359.9747009277344,Nan,7
053oq2xB3oU,80,-0.19948482513427734,33.19926834106445,340.8997497558594,359.9243469238281,Nan,6
053oq2xB3oU,80,281.8415222167969,79.99263763427734,463.98779296875,359.9465026855469,Nan,3
053oq2xB3oU,80,191.61392211914062,73.29420471191406,433.6399230957031,359.94293212890625,Nan,4
053oq2xB3oU,81,134.56976318359375,91.15377044677734,294.3700256347656,359.9721374511719,Nan,7
053oq2xB3oU,81,-0.2105712890625,33.19287109375,340.88568115234375,359.9201354980469,Nan,6
053oq2xB3oU,81,281.8337097167969,79.98528289794922,463.9765625,359.9436950683594,Nan,3
053oq2xB3oU,81,191.603271484375,73.28694915771484,433.62567138671875,359.9399108886719,Nan,4
053oq2xB3oU,82,134.55783081054688,91.14627838134766,294.3548583984375,359.9696044921875,Nan,7
053oq2xB3oU,82,-0.22164344787597656,33.18647766113281,340.87164306640625,359.9159240722656,Nan,6
053oq2xB3oU,82,281.8258972167969,79.97795867919922,463.9653625488281,359.9408874511719,Nan,3
053oq2xB3oU,82,191.59263610839844,73.27970123291016,433.6114196777344,359.9369201660156,Nan,4
053oq2xB3oU,83,134.5458526611328,91.13877868652344,294.3396911621094,359.9670715332031,Nan,7
053oq2xB3oU,83,-0.23271560668945312,33.180084228515625,340.8575744628906,359.9117126464844,Nan,6
053oq2xB3oU,83,281.8180847167969,79.97061157226562,463.9541931152344,359.9380798339844,Nan,3
053oq2xB3oU,83,191.5819854736328,73.27244567871094,433.5971374511719,359.93389892578125,Nan,4
053oq2xB3oU,84,134.53390502929688,91.13130187988281,294.3244934082031,359.96453857421875,Nan,7
053oq2xB3oU,84,-0.2437877655029297,33.17369079589844,340.8435363769531,359.90753173828125,Nan,6
053oq2xB3oU,84,281.810302734375,79.96324920654297,463.9429626464844,359.93524169921875,Nan,3
053oq2xB3oU,84,191.57131958007812,73.26519012451172,433.5828552246094,359.930908203125,Nan,4
053oq2xB3oU,85,134.5219268798828,91.12382507324219,294.309326171875,359.9620056152344,Nan,7
053oq2xB3oU,85,-0.25487422943115234,33.16729736328125,340.8294982910156,359.9033203125,Nan,6
053oq2xB3oU,85,281.8025207519531,79.95590209960938,463.9317626953125,359.93243408203125,Nan,3
053oq2xB3oU,85,191.56065368652344,73.25794982910156,433.5685729980469,359.92791748046875,Nan,4
053oq2xB3oU,86,134.50997924804688,91.1163330078125,294.2941589355469,359.95947265625,Nan,7
053oq2xB3oU,86,-0.2659463882446289,33.160888671875,340.8153991699219,359.89910888671875,Nan,6
053oq2xB3oU,86,281.794677734375,79.94854736328125,463.9205322265625,359.92962646484375,Nan,3
053oq2xB3oU,86,191.5499725341797,73.25070190429688,433.5542907714844,359.9248962402344,Nan,4
053oq2xB3oU,87,134.49801635742188,91.10884857177734,294.27899169921875,359.9569091796875,Nan,7
053oq2xB3oU,87,-0.2770042419433594,33.15449523925781,340.8013916015625,359.8948974609375,Nan,6
053oq2xB3oU,87,281.7868347167969,79.94121551513672,463.9093322753906,359.92681884765625,Nan,3
053oq2xB3oU,87,191.53933715820312,73.24344635009766,433.5400390625,359.9219055175781,Nan,4
053oq2xB3oU,88,134.48605346679688,91.10134887695312,294.2638244628906,359.9543762207031,Nan,7
053oq2xB3oU,88,-0.28807640075683594,33.148101806640625,340.787353515625,359.89068603515625,Nan,6
053oq2xB3oU,88,281.7790222167969,79.9338607788086,463.8980712890625,359.92401123046875,Nan,3
053oq2xB3oU,88,191.5286865234375,73.23619079589844,433.5257873535156,359.91888427734375,Nan,4
053oq2xB3oU,89,134.47412109375,91.0938491821289,294.2486877441406,359.9518127441406,Nan,7
053oq2xB3oU,89,-0.2991485595703125,33.14170837402344,340.7732849121094,359.886474609375,Nan,6
053oq2xB3oU,89,281.77117919921875,79.926513671875,463.8868713378906,359.9211730957031,Nan,3
053oq2xB3oU,89,191.51806640625,73.22896575927734,433.51153564453125,359.9158935546875,Nan,4
053oq2xB3oU,90,0.0,37.8,207.84,335.88,11,0
053oq2xB3oU,90,187.68,96.48,268.8,214.2,11,4
053oq2xB3oU,90,232.79999999999998,75.24,382.56,288.0,11,3
053oq2xB3oU,90,390.23999999999995,81.72,472.32,307.8,11,5
053oq2xB3oU,91,-0.015063285827636719,37.78557586669922,207.8178253173828,335.873046875,Nan,0
053oq2xB3oU,91,232.85763549804688,74.946044921875,383.19097900390625,291.5227966308594,Nan,3
053oq2xB3oU,92,-1,-1,-1,-1,Nan,Nan
053oq2xB3oU,93,140.37286376953125,91.15299224853516,300.009765625,359.99493408203125,Nan,12
053oq2xB3oU,93,217.8513946533203,72.98201751708984,430.513671875,359.96734619140625,Nan,13
053oq2xB3oU,93,311.395751953125,80.4334716796875,477.96087646484375,359.994384765625,Nan,14
053oq2xB3oU,94,140.36080932617188,91.14551544189453,299.9945373535156,359.992431640625,Nan,12
053oq2xB3oU,94,217.84112548828125,72.97479248046875,430.4998779296875,359.9643249511719,Nan,13
053oq2xB3oU,94,311.3893737792969,80.4261245727539,477.9512634277344,359.9915771484375,Nan,14
053oq2xB3oU,94,299.51544189453125,82.62700653076172,436.2953796386719,359.7768859863281,Nan,15
053oq2xB3oU,95,140.3488006591797,91.1380386352539,299.9792785644531,359.98992919921875,Nan,12
053oq2xB3oU,95,217.83087158203125,72.9675521850586,430.486083984375,359.9613342285156,Nan,13
053oq2xB3oU,95,311.38299560546875,80.41876220703125,477.9416198730469,359.98876953125,Nan,14
053oq2xB3oU,95,299.5071105957031,82.61961364746094,436.2840881347656,359.774169921875,Nan,15
053oq2xB3oU,96,140.33677673339844,91.13056945800781,299.96405029296875,359.9873962402344,Nan,12
053oq2xB3oU,96,217.82061767578125,72.96033477783203,430.4722595214844,359.9583435058594,Nan,13
053oq2xB3oU,96,311.3766174316406,80.41141510009766,477.93194580078125,359.9859313964844,Nan,14
053oq2xB3oU,96,299.4987487792969,82.61222076416016,436.2728271484375,359.77142333984375,Nan,15
053oq2xB3oU,97,140.3247528076172,91.12309265136719,299.9488525390625,359.98486328125,Nan,12
053oq2xB3oU,97,217.81036376953125,72.95309448242188,430.4584045410156,359.955322265625,Nan,13
053oq2xB3oU,97,311.3702087402344,80.40408325195312,477.9222717285156,359.9831237792969,Nan,14
053oq2xB3oU,97,299.4903869628906,82.60485076904297,436.26153564453125,359.7686767578125,Nan,15
053oq2xB3oU,98,140.312744140625,91.11560821533203,299.93359375,359.9822998046875,Nan,12
053oq2xB3oU,98,217.8000946044922,72.94584655761719,430.444580078125,359.9523010253906,Nan,13
053oq2xB3oU,98,311.3638000488281,80.39673614501953,477.91259765625,359.9803161621094,Nan,14
053oq2xB3oU,98,299.4820556640625,82.59746551513672,436.250244140625,359.76593017578125,Nan,15
053oq2xB3oU,99,140.3007354736328,91.10811614990234,299.9183654785156,359.979736328125,Nan,12
053oq2xB3oU,99,217.78982543945312,72.93860626220703,430.4307861328125,359.94927978515625,Nan,13
053oq2xB3oU,99,311.3574523925781,80.38939666748047,477.9029235839844,359.9775085449219,Nan,14
053oq2xB3oU,99,299.4737548828125,82.590087890625,436.23895263671875,359.76318359375,Nan,15
053oq2xB3oU,100,140.28871154785156,91.10061645507812,299.9031677246094,359.9772033691406,Nan,12
053oq2xB3oU,100,217.77957153320312,72.93136596679688,430.41693115234375,359.9462585449219,Nan,13
053oq2xB3oU,100,311.3510437011719,80.38204193115234,477.89324951171875,359.9747314453125,Nan,14
053oq2xB3oU,100,299.46539306640625,82.58270263671875,436.2276611328125,359.76043701171875,Nan,15
053oq2xB3oU,101,140.27670288085938,91.0931167602539,299.887939453125,359.97467041015625,Nan,12
053oq2xB3oU,101,217.76931762695312,72.92412567138672,430.403076171875,359.9432678222656,Nan,13
053oq2xB3oU,101,311.3446350097656,80.37467956542969,477.8835754394531,359.9718933105469,Nan,14
053oq2xB3oU,101,299.45703125,82.57532501220703,436.2164001464844,359.7576904296875,Nan,15
053oq2xB3oU,102,140.26467895507812,91.08563232421875,299.8727111816406,359.97210693359375,Nan,12
053oq2xB3oU,102,217.75906372070312,72.9168930053711,430.3892517089844,359.94024658203125,Nan,13
053oq2xB3oU,102,311.3382568359375,80.3673324584961,477.8739318847656,359.9690856933594,Nan,14
053oq2xB3oU,102,299.4486999511719,82.56793212890625,436.205078125,359.75494384765625,Nan,15
053oq2xB3oU,103,140.25265502929688,91.0781478881836,299.8574523925781,359.9695739746094,Nan,12
053oq2xB3oU,103,217.74879455566406,72.90965270996094,430.37542724609375,359.937255859375,Nan,13
053oq2xB3oU,103,311.33184814453125,80.36000061035156,477.8642883300781,359.9662780761719,Nan,14
053oq2xB3oU,103,299.44036865234375,82.56051635742188,436.19378662109375,359.752197265625,Nan,15
053oq2xB3oU,104,140.2406005859375,91.07067108154297,299.8422546386719,359.9670715332031,Nan,12
053oq2xB3oU,104,217.738525390625,72.90242004394531,430.36163330078125,359.93426513671875,Nan,13
053oq2xB3oU,104,311.3254699707031,80.3526382446289,477.8546447753906,359.9634704589844,Nan,14
053oq2xB3oU,104,299.4320373535156,82.5531234741211,436.1825256347656,359.74945068359375,Nan,15
053oq2xB3oU,105,140.22860717773438,91.06317138671875,299.8270263671875,359.9645080566406,Nan,12
053oq2xB3oU,105,217.72830200195312,72.89517974853516,430.3478088378906,359.9312438964844,Nan,13
053oq2xB3oU,105,311.3190612792969,80.34529113769531,477.844970703125,359.96063232421875,Nan,14
053oq2xB3oU,105,299.4236755371094,82.54573059082031,436.1712341308594,359.7467041015625,Nan,15
053oq2xB3oU,106,140.21658325195312,91.05569458007812,299.8117980957031,359.9620056152344,Nan,12
053oq2xB3oU,106,217.71803283691406,72.88795471191406,430.333984375,359.9282531738281,Nan,13
053oq2xB3oU,106,311.31268310546875,80.33792877197266,477.83526611328125,359.95782470703125,Nan,14
053oq2xB3oU,106,299.4153137207031,82.53836059570312,436.159912109375,359.74395751953125,Nan,15
053oq2xB3oU,107,140.20460510253906,91.0481948852539,299.79656982421875,359.9594421386719,Nan,12
053oq2xB3oU,107,217.707763671875,72.8807144165039,430.3201599121094,359.92523193359375,Nan,13
053oq2xB3oU,107,311.3062744140625,80.33060455322266,477.8255920410156,359.95501708984375,Nan,14
053oq2xB3oU,107,299.406982421875,82.53096008300781,436.1485900878906,359.7411804199219,Nan,15
053oq2xB3oU,108,140.1925811767578,91.04071807861328,299.7813415527344,359.9569396972656,Nan,12
053oq2xB3oU,108,217.697509765625,72.87347412109375,430.30633544921875,359.9222412109375,Nan,13
053oq2xB3oU,108,311.2998962402344,80.32325744628906,477.8159484863281,359.95220947265625,Nan,14
053oq2xB3oU,108,299.39862060546875,82.52357482910156,436.1373291015625,359.7384338378906,Nan,15
053oq2xB3oU,109,140.18057250976562,91.03324127197266,299.76611328125,359.9544372558594,Nan,12
053oq2xB3oU,109,217.687255859375,72.8662338256836,430.2925109863281,359.9192199707031,Nan,13
053oq2xB3oU,109,311.2934875488281,80.3158950805664,477.8062744140625,359.94940185546875,Nan,14
053oq2xB3oU,109,299.3902587890625,82.51619720458984,436.12603759765625,359.7356872558594,Nan,15
053oq2xB3oU,110,140.16854858398438,91.02574157714844,299.75091552734375,359.9518737792969,Nan,12
053oq2xB3oU,110,217.67698669433594,72.8589859008789,430.2786865234375,359.91619873046875,Nan,13
053oq2xB3oU,110,311.287109375,80.30853271484375,477.79656982421875,359.94659423828125,Nan,14
053oq2xB3oU,110,299.38189697265625,82.5088119506836,436.1147155761719,359.7329406738281,Nan,15
053oq2xB3oU,111,140.1565399169922,91.01826477050781,299.73565673828125,359.9493713378906,Nan,12
053oq2xB3oU,111,217.66673278808594,72.85176086425781,430.26483154296875,359.9131774902344,Nan,13
053oq2xB3oU,111,311.28070068359375,80.30118560791016,477.78692626953125,359.94378662109375,Nan,14
053oq2xB3oU,111,299.37353515625,82.50143432617188,436.1033935546875,359.7301940917969,Nan,15
053oq2xB3oU,112,140.14451599121094,91.01078796386719,299.720458984375,359.94683837890625,Nan,12
053oq2xB3oU,112,217.65646362304688,72.84451293945312,430.2510070800781,359.9101867675781,Nan,13
053oq2xB3oU,112,311.2742919921875,80.29383850097656,477.7772521972656,359.9409484863281,Nan,14
053oq2xB3oU,112,299.36517333984375,82.49406433105469,436.0920715332031,359.7274475097656,Nan,15
053oq2xB3oU,113,140.1325225830078,91.00330352783203,299.7052001953125,359.9443054199219,Nan,12
053oq2xB3oU,113,217.6461944580078,72.83726501464844,430.2371826171875,359.90716552734375,Nan,13
053oq2xB3oU,113,311.26788330078125,80.28650665283203,477.767578125,359.93817138671875,Nan,14
053oq2xB3oU,113,299.3567810058594,82.48667907714844,436.0807800292969,359.7247009277344,Nan,15
053oq2xB3oU,114,140.12049865722656,90.9958267211914,299.6899719238281,359.9417724609375,Nan,12
053oq2xB3oU,114,217.63592529296875,72.83000946044922,430.223388671875,359.9041748046875,Nan,13
053oq2xB3oU,114,311.261474609375,80.27916717529297,477.7579040527344,359.93536376953125,Nan,14
053oq2xB3oU,114,299.34844970703125,82.47930145263672,436.0694885253906,359.7219543457031,Nan,15
053oq2xB3oU,115,140.10850524902344,90.98834991455078,299.6747741699219,359.93927001953125,Nan,12
053oq2xB3oU,115,217.6256561279297,72.82276916503906,430.2095642089844,359.9011535644531,Nan,13
053oq2xB3oU,115,311.2550964355469,80.27182006835938,477.7481994628906,359.9325256347656,Nan,14
053oq2xB3oU,115,299.340087890625,82.47191619873047,436.05816650390625,359.7192077636719,Nan,15
053oq2xB3oU,116,140.0964813232422,90.98087310791016,299.6595458984375,359.9367370605469,Nan,12
053oq2xB3oU,116,217.61538696289062,72.8155288696289,430.19573974609375,359.89813232421875,Nan,13
053oq2xB3oU,116,311.2486877441406,80.26447296142578,477.738525390625,359.9297180175781,Nan,14
053oq2xB3oU,116,299.3317565917969,82.46453857421875,436.046875,359.7164611816406,Nan,15
053oq2xB3oU,117,140.08447265625,90.97340393066406,299.6443176269531,359.9342041015625,Nan,12
053oq2xB3oU,117,217.60511779785156,72.80828857421875,430.1819152832031,359.8951110839844,Nan,13
053oq2xB3oU,117,311.2422790527344,80.25714111328125,477.7288513183594,359.9269104003906,Nan,14
053oq2xB3oU,117,299.3233642578125,82.4571533203125,436.03558349609375,359.7137145996094,Nan,15
053oq2xB3oU,118,140.07244873046875,90.9659423828125,299.62908935546875,359.9316711425781,Nan,12
053oq2xB3oU,118,217.5948486328125,72.80106353759766,430.1680908203125,359.8921203613281,Nan,13
053oq2xB3oU,118,311.2358703613281,80.24978637695312,477.71917724609375,359.9241027832031,Nan,14
053oq2xB3oU,118,299.31500244140625,82.44975280761719,436.02423095703125,359.7109375,Nan,15
053oq2xB3oU,119,140.06040954589844,90.95845031738281,299.6138916015625,359.92913818359375,Nan,12
053oq2xB3oU,119,217.58456420898438,72.79380798339844,430.154296875,359.88909912109375,Nan,13
053oq2xB3oU,119,311.2294921875,80.242431640625,477.7095031738281,359.9212951660156,Nan,14
053oq2xB3oU,119,299.3066101074219,82.44237518310547,436.0129089355469,359.70819091796875,Nan,15
053oq2xB3oU,120,29.28,60.480000000000004,371.52,315.72,11,8
053oq2xB3oU,120,144.96,87.12,268.8,236.52,12,4
053oq2xB3oU,120,317.28000000000003,86.75999999999999,429.12,308.52,11,7
053oq2xB3oU,120,401.76,79.56,475.68,308.88,12,6
053oq2xB3oU,121,29.32539939880371,60.464263916015625,371.89111328125,317.66424560546875,Nan,8
053oq2xB3oU,121,317.3094787597656,86.42813110351562,429.7562561035156,312.9059143066406,Nan,7
053oq2xB3oU,121,401.75323486328125,79.54331970214844,475.6694641113281,308.8753662109375,Nan,6
053oq2xB3oU,122,-1,-1,-1,-1,Nan,Nan
053oq2xB3oU,123,219.7178955078125,68.6063232421875,437.0220947265625,359.80804443359375,Nan,22
053oq2xB3oU,123,144.50320434570312,86.71056365966797,324.411865234375,359.99468994140625,Nan,23
053oq2xB3oU,123,346.2333679199219,77.6567611694336,479.98388671875,359.99420166015625,Nan,24
053oq2xB3oU,124,219.7078399658203,68.59915161132812,437.0084228515625,359.8049011230469,Nan,22
053oq2xB3oU,124,144.49114990234375,86.703125,324.39642333984375,359.9920654296875,Nan,23
053oq2xB3oU,124,346.22821044921875,77.6494369506836,479.975830078125,359.9913330078125,Nan,24
053oq2xB3oU,124,314.4779052734375,79.49613952636719,457.998779296875,359.99151611328125,Nan,25
053oq2xB3oU,125,219.69775390625,68.59197998046875,436.9947814941406,359.8017883300781,Nan,22
053oq2xB3oU,125,144.47914123535156,86.69569396972656,324.38104248046875,359.9894104003906,Nan,23
053oq2xB3oU,125,346.2230529785156,77.64212036132812,479.9677429199219,359.9884338378906,Nan,24
053oq2xB3oU,125,314.4708251953125,79.48880004882812,457.9886474609375,359.9886779785156,Nan,25
053oq2xB3oU,126,219.68768310546875,68.58480072021484,436.9811096191406,359.79864501953125,Nan,22
053oq2xB3oU,126,144.46713256835938,86.68827819824219,324.3656311035156,359.9867858886719,Nan,23
053oq2xB3oU,126,346.2179260253906,77.6347885131836,479.959716796875,359.98553466796875,Nan,24
053oq2xB3oU,126,314.4637145996094,79.48146057128906,457.978515625,359.98583984375,Nan,25
053oq2xB3oU,127,219.67759704589844,68.57763671875,436.96746826171875,359.7955017089844,Nan,22
053oq2xB3oU,127,144.45510864257812,86.68085479736328,324.3502197265625,359.984130859375,Nan,23
053oq2xB3oU,127,346.2127685546875,77.6274642944336,479.9516906738281,359.982666015625,Nan,24
053oq2xB3oU,127,314.4565734863281,79.47412872314453,457.9683532714844,359.98297119140625,Nan,25
053oq2xB3oU,128,219.66751098632812,68.5704574584961,436.95379638671875,359.7923889160156,Nan,22
053oq2xB3oU,128,144.44308471679688,86.67341613769531,324.3348388671875,359.9814453125,Nan,23
053oq2xB3oU,128,346.2076110839844,77.62014770507812,479.943603515625,359.9797668457031,Nan,24
053oq2xB3oU,128,314.449462890625,79.466796875,457.95819091796875,359.98016357421875,Nan,25
053oq2xB3oU,129,219.65745544433594,68.56329345703125,436.940185546875,359.7892761230469,Nan,22
053oq2xB3oU,129,144.43104553222656,86.6659927368164,324.31939697265625,359.9787902832031,Nan,23
053oq2xB3oU,129,346.20245361328125,77.6128158569336,479.935546875,359.97686767578125,Nan,24
053oq2xB3oU,129,314.4423522949219,79.45945739746094,457.94805908203125,359.9773254394531,Nan,25
053oq2xB3oU,130,219.64736938476562,68.55612182617188,436.926513671875,359.7861328125,Nan,22
053oq2xB3oU,130,144.41903686523438,86.65857696533203,324.3039855957031,359.9761962890625,Nan,23
053oq2xB3oU,130,346.197265625,77.6054916381836,479.927490234375,359.9739990234375,Nan,24
053oq2xB3oU,130,314.43524169921875,79.45211791992188,457.9378967285156,359.9744873046875,Nan,25
053oq2xB3oU,131,219.63731384277344,68.5489501953125,436.9128723144531,359.78302001953125,Nan,22
053oq2xB3oU,131,144.406982421875,86.65115356445312,324.2886047363281,359.9735107421875,Nan,23
053oq2xB3oU,131,346.192138671875,77.59817504882812,479.91943359375,359.9710998535156,Nan,24
053oq2xB3oU,131,314.4280700683594,79.44477081298828,457.92779541015625,359.9716796875,Nan,25
053oq2xB3oU,132,219.62722778320312,68.54177856445312,436.8992004394531,359.7798767089844,Nan,22
053oq2xB3oU,132,144.39498901367188,86.64372253417969,324.273193359375,359.9708557128906,Nan,23
053oq2xB3oU,132,346.1870422363281,77.59086608886719,479.91143798828125,359.9682312011719,Nan,24
053oq2xB3oU,132,314.4209899902344,79.43743133544922,457.91766357421875,359.9688415527344,Nan,25
053oq2xB3oU,133,219.6171417236328,68.53461456298828,436.8855285644531,359.7767639160156,Nan,22
053oq2xB3oU,133,144.3829803466797,86.63629150390625,324.2578430175781,359.96820068359375,Nan,23
053oq2xB3oU,133,346.1819152832031,77.58354187011719,479.90338134765625,359.96533203125,Nan,24
053oq2xB3oU,133,314.4138488769531,79.43009185791016,457.9075012207031,359.96600341796875,Nan,25
053oq2xB3oU,134,219.6070556640625,68.52745056152344,436.87188720703125,359.77362060546875,Nan,22
053oq2xB3oU,134,144.37098693847656,86.62886047363281,324.24249267578125,359.9655456542969,Nan,23
053oq2xB3oU,134,346.17681884765625,77.57621002197266,479.8953857421875,359.96246337890625,Nan,24
053oq2xB3oU,134,314.4067687988281,79.4227523803711,457.8973693847656,359.9631652832031,Nan,25
053oq2xB3oU,135,219.5969696044922,68.52027130126953,436.8582458496094,359.7704772949219,Nan,22
053oq2xB3oU,135,144.35897827148438,86.6214370727539,324.2270812988281,359.962890625,Nan,23
053oq2xB3oU,135,346.17169189453125,77.56889343261719,479.8873291015625,359.9595642089844,Nan,24
053oq2xB3oU,135,314.399658203125,79.41541290283203,457.88720703125,359.9603576660156,Nan,25
053oq2xB3oU,136,219.58688354492188,68.51309967041016,436.84454345703125,359.7673645019531,Nan,22
053oq2xB3oU,136,144.34698486328125,86.61399841308594,324.2117004394531,359.9602355957031,Nan,23
053oq2xB3oU,136,346.16656494140625,77.56156921386719,479.87933349609375,359.9566650390625,Nan,24
053oq2xB3oU,136,314.39251708984375,79.40807342529297,457.8770446777344,359.95751953125,Nan,25
053oq2xB3oU,137,219.57681274414062,68.50590515136719,436.83087158203125,359.76422119140625,Nan,22
053oq2xB3oU,137,144.3349151611328,86.60657501220703,324.1962585449219,359.95758056640625,Nan,23
053oq2xB3oU,137,346.1614074707031,77.55423736572266,479.8712463378906,359.9537658691406,Nan,24
053oq2xB3oU,137,314.3854064941406,79.4007339477539,457.86688232421875,359.9546813964844,Nan,25
053oq2xB3oU,138,219.56675720214844,68.49873352050781,436.8172607421875,359.7610778808594,Nan,22
053oq2xB3oU,138,144.32289123535156,86.59915924072266,324.18084716796875,359.9549255371094,Nan,23
053oq2xB3oU,138,346.15625,77.54693603515625,479.8631896972656,359.950927734375,Nan,24
053oq2xB3oU,138,314.3782653808594,79.39339447021484,457.85675048828125,359.95184326171875,Nan,25
053oq2xB3oU,139,219.55667114257812,68.49156188964844,436.8035888671875,359.7579650878906,Nan,22
053oq2xB3oU,139,144.31088256835938,86.59175109863281,324.1654357910156,359.95233154296875,Nan,23
053oq2xB3oU,139,346.1510925292969,77.53961181640625,479.8551025390625,359.9480285644531,Nan,24
053oq2xB3oU,139,314.3711853027344,79.38604736328125,457.84661865234375,359.9490051269531,Nan,25
053oq2xB3oU,140,219.546630859375,68.48439025878906,436.7899475097656,359.75482177734375,Nan,22
053oq2xB3oU,140,144.2988739013672,86.58431243896484,324.1500244140625,359.94964599609375,Nan,23
053oq2xB3oU,140,346.1459655761719,77.53229522705078,479.84710693359375,359.94512939453125,Nan,24
053oq2xB3oU,140,314.3640441894531,79.3786849975586,457.8364562988281,359.9461669921875,Nan,25
053oq2xB3oU,141,219.5365447998047,68.47721099853516,436.77630615234375,359.7516784667969,Nan,22
053oq2xB3oU,141,144.28684997558594,86.5768814086914,324.1346130371094,359.947021484375,Nan,23
053oq2xB3oU,141,346.1408386230469,77.52499389648438,479.8390808105469,359.9422302246094,Nan,24
053oq2xB3oU,141,314.3569641113281,79.37135314941406,457.8263244628906,359.9433288574219,Nan,25
053oq2xB3oU,142,144.27481079101562,86.5694580078125,324.1192321777344,359.9443664550781,Nan,23
053oq2xB3oU,142,346.13568115234375,77.5176773071289,479.83099365234375,359.9393310546875,Nan,24
053oq2xB3oU,142,314.3498229980469,79.364013671875,457.816162109375,359.94049072265625,Nan,25
053oq2xB3oU,143,219.51637268066406,68.4628677368164,436.7489318847656,359.7454528808594,Nan,22
053oq2xB3oU,143,144.26278686523438,86.56201934814453,324.10382080078125,359.94171142578125,Nan,23
053oq2xB3oU,143,346.13055419921875,77.5103759765625,479.8230285644531,359.9364318847656,Nan,24
053oq2xB3oU,143,314.3427429199219,79.35665130615234,457.8060302734375,359.9376525878906,Nan,25
053oq2xB3oU,144,219.50628662109375,68.45570373535156,436.73529052734375,359.7423095703125,Nan,22
053oq2xB3oU,144,144.2507781982422,86.55458068847656,324.08843994140625,359.9390563964844,Nan,23
053oq2xB3oU,144,346.1254577636719,77.50305938720703,479.81494140625,359.9335632324219,Nan,24
053oq2xB3oU,144,314.3356018066406,79.34932708740234,457.7958984375,359.934814453125,Nan,25
053oq2xB3oU,145,219.49620056152344,68.44852447509766,436.7216491699219,359.73919677734375,Nan,22
053oq2xB3oU,145,144.23875427246094,86.54714965820312,324.07305908203125,359.9364013671875,Nan,23
053oq2xB3oU,145,346.12030029296875,77.49576568603516,479.8069152832031,359.9306945800781,Nan,24
053oq2xB3oU,145,314.3285217285156,79.34197235107422,457.7857666015625,359.93194580078125,Nan,25
053oq2xB3oU,146,219.48614501953125,68.44136047363281,436.7080078125,359.736083984375,Nan,22
053oq2xB3oU,146,144.22674560546875,86.53971099853516,324.0576171875,359.9337463378906,Nan,23
053oq2xB3oU,146,346.1151428222656,77.48846435546875,479.798828125,359.9278259277344,Nan,24
053oq2xB3oU,146,314.32135009765625,79.33463287353516,457.775634765625,359.9291076660156,Nan,25
053oq2xB3oU,147,219.47607421875,68.43417358398438,436.6943359375,359.73291015625,Nan,22
053oq2xB3oU,147,144.21469116210938,86.53227996826172,324.0422058105469,359.9311218261719,Nan,23
053oq2xB3oU,147,346.1099853515625,77.48115539550781,479.790771484375,359.9249267578125,Nan,24
053oq2xB3oU,147,314.314208984375,79.32726287841797,457.76544189453125,359.92626953125,Nan,25
053oq2xB3oU,148,219.4659881591797,68.427001953125,436.6806640625,359.7297668457031,Nan,22
053oq2xB3oU,148,144.20266723632812,86.52485656738281,324.0268249511719,359.928466796875,Nan,23
053oq2xB3oU,148,346.1048278808594,77.47383880615234,479.78271484375,359.92205810546875,Nan,24
053oq2xB3oU,148,314.3070983886719,79.3199234008789,457.7552795410156,359.9234313964844,Nan,25
053oq2xB3oU,149,144.19064331054688,86.51744079589844,324.0113830566406,359.9258117675781,Nan,23
053oq2xB3oU,149,346.09967041015625,77.46652221679688,479.774658203125,359.9191589355469,Nan,24
053oq2xB3oU,149,314.2999572753906,79.31259155273438,457.7451171875,359.92059326171875,Nan,25
053oq2xB3oU,150,146.4,87.12,260.64000000000004,246.96,12,4
053oq2xB3oU,150,146.4,87.12,260.64000000000004,246.96,80,4
053oq2xB3oU,150,187.20000000000002,65.88,410.88,313.92,11,8
053oq2xB3oU,150,324.0,77.76,442.08000000000004,313.2,11,7
053oq2xB3oU,150,408.96,77.76,477.6,312.84,12,6
053oq2xB3oU,151,187.18093872070312,65.85847473144531,410.9029235839844,314.1578369140625,Nan,8
053oq2xB3oU,151,323.9896545410156,77.65193939208984,442.3360900878906,315.03802490234375,Nan,7
053oq2xB3oU,151,408.9539794921875,77.74345397949219,477.5904541015625,312.8352966308594,Nan,6
053oq2xB3oU,152,-1,-1,-1,-1,Nan,Nan
053oq2xB3oU,153,142.0290985107422,82.4329833984375,322.5152282714844,359.9944763183594,Nan,31
053oq2xB3oU,153,313.926025390625,74.83466339111328,478.5310974121094,359.95159912109375,Nan,32
053oq2xB3oU,153,362.10546875,73.95887756347656,479.9712829589844,359.9940490722656,Nan,33
053oq2xB3oU,154,142.01708984375,82.42560577392578,322.4997863769531,359.9917297363281,Nan,31
053oq2xB3oU,154,313.9197692871094,74.82740783691406,478.5215759277344,359.9486389160156,Nan,32
053oq2xB3oU,154,362.1009216308594,73.95161437988281,479.96405029296875,359.9910583496094,Nan,33
053oq2xB3oU,154,167.447509765625,63.433353424072266,409.2001037597656,359.99017333984375,Nan,34
053oq2xB3oU,155,142.00506591796875,82.41822814941406,322.484375,359.9889831542969,Nan,31
053oq2xB3oU,155,313.9134826660156,74.82012176513672,478.51202392578125,359.9456787109375,Nan,32
053oq2xB3oU,155,362.0963439941406,73.9443359375,479.9567565917969,359.9880676269531,Nan,33
053oq2xB3oU,155,167.4361572265625,63.42626190185547,409.18511962890625,359.98687744140625,Nan,34
053oq2xB3oU,156,141.9930419921875,82.41085815429688,322.468994140625,359.9862365722656,Nan,31
053oq2xB3oU,156,313.9071960449219,74.81283569335938,478.5024719238281,359.94268798828125,Nan,32
053oq2xB3oU,156,362.0917663574219,73.93707275390625,479.9494934082031,359.9850769042969,Nan,33
053oq2xB3oU,156,167.42481994628906,63.41918182373047,409.17010498046875,359.9836120605469,Nan,34
053oq2xB3oU,157,-0.016222000122070312,77.20103454589844,227.53933715820312,359.9941711425781,Nan,35
053oq2xB3oU,157,141.9810333251953,82.40348052978516,322.45355224609375,359.9834899902344,Nan,31
053oq2xB3oU,157,313.9009094238281,74.80557250976562,478.49298095703125,359.93975830078125,Nan,32
053oq2xB3oU,157,362.0871887207031,73.92980194091797,479.9422302246094,359.98211669921875,Nan,33
053oq2xB3oU,157,167.41343688964844,63.412086486816406,409.1551208496094,359.9803161621094,Nan,34
053oq2xB3oU,158,-0.02435445785522461,77.1937484741211,227.52760314941406,359.9913024902344,Nan,35
053oq2xB3oU,158,141.96905517578125,82.39611053466797,322.43817138671875,359.980712890625,Nan,31
053oq2xB3oU,158,313.8946533203125,74.79827880859375,478.48345947265625,359.9367980957031,Nan,32
053oq2xB3oU,158,362.08258056640625,73.92253875732422,479.93499755859375,359.9790954589844,Nan,33
053oq2xB3oU,158,167.40206909179688,63.40499496459961,409.14019775390625,359.9770202636719,Nan,34
053oq2xB3oU,159,-0.03247261047363281,77.18644714355469,227.51588439941406,359.9884033203125,Nan,35
053oq2xB3oU,159,141.95703125,82.38874053955078,322.4227600097656,359.9779357910156,Nan,31
053oq2xB3oU,159,313.8883361816406,74.79100799560547,478.4739074707031,359.93377685546875,Nan,32
053oq2xB3oU,159,362.0780334472656,73.915283203125,479.9277648925781,359.9761047363281,Nan,33
053oq2xB3oU,159,167.39071655273438,63.39789581298828,409.12518310546875,359.9737243652344,Nan,34
053oq2xB3oU,160,-0.04057645797729492,77.17914581298828,227.50416564941406,359.9855041503906,Nan,35
053oq2xB3oU,160,141.9450225830078,82.3813705444336,322.4073486328125,359.9751892089844,Nan,31
053oq2xB3oU,160,313.882080078125,74.78374481201172,478.4643859863281,359.93084716796875,Nan,32
053oq2xB3oU,160,362.073486328125,73.90801239013672,479.92047119140625,359.9731140136719,Nan,33
053oq2xB3oU,160,167.3793487548828,63.39079284667969,409.1102600097656,359.970458984375,Nan,34
053oq2xB3oU,161,-0.04868030548095703,77.17184448242188,227.49246215820312,359.98260498046875,Nan,35
053oq2xB3oU,161,141.93304443359375,82.3740005493164,322.3919677734375,359.9724426269531,Nan,31
053oq2xB3oU,161,313.87579345703125,74.77645874023438,478.454833984375,359.9278564453125,Nan,32
053oq2xB3oU,161,362.0688781738281,73.90074157714844,479.9132385253906,359.9701232910156,Nan,33
053oq2xB3oU,161,167.36801147460938,63.38370132446289,409.09527587890625,359.9671630859375,Nan,34
053oq2xB3oU,162,-0.05680561065673828,77.16454315185547,227.48074340820312,359.979736328125,Nan,35
053oq2xB3oU,162,141.92105102539062,82.36661529541016,322.3765869140625,359.9696960449219,Nan,31
053oq2xB3oU,162,313.8695068359375,74.76919555664062,478.44525146484375,359.9249267578125,Nan,32
053oq2xB3oU,162,362.0643310546875,73.89347076416016,479.9059753417969,359.9671325683594,Nan,33
053oq2xB3oU,162,167.35665893554688,63.37662887573242,409.0802917480469,359.9638977050781,Nan,34
053oq2xB3oU,163,-0.06491661071777344,77.15726470947266,227.4690399169922,359.9768371582031,Nan,35
053oq2xB3oU,163,141.90902709960938,82.35924530029297,322.36114501953125,359.9669189453125,Nan,31
053oq2xB3oU,163,313.86322021484375,74.76193237304688,478.43572998046875,359.9219665527344,Nan,32
053oq2xB3oU,163,362.05975341796875,73.88622283935547,479.8987121582031,359.96417236328125,Nan,33
053oq2xB3oU,163,167.3452606201172,63.36954879760742,409.0653076171875,359.96063232421875,Nan,34
053oq2xB3oU,164,-0.0730276107788086,77.14995574951172,227.4573211669922,359.97393798828125,Nan,35
053oq2xB3oU,164,141.8970184326172,82.35185241699219,322.3457946777344,359.96417236328125,Nan,31
053oq2xB3oU,164,313.85693359375,74.75467681884766,478.4261779785156,359.91900634765625,Nan,32
053oq2xB3oU,164,362.05517578125,73.87895965576172,479.8914489746094,359.961181640625,Nan,33
053oq2xB3oU,164,167.3339080810547,63.36246871948242,409.05035400390625,359.9573669433594,Nan,34
053oq2xB3oU,165,-0.08116006851196289,77.14266967773438,227.4456024169922,359.9710388183594,Nan,35
053oq2xB3oU,165,141.88502502441406,82.344482421875,322.33038330078125,359.9613952636719,Nan,31
053oq2xB3oU,165,313.8506774902344,74.7474136352539,478.4166564941406,359.9160461425781,Nan,32
053oq2xB3oU,165,362.05059814453125,73.8717041015625,479.8842468261719,359.9582214355469,Nan,33
053oq2xB3oU,165,167.32257080078125,63.355377197265625,409.0353698730469,359.9540710449219,Nan,34
053oq2xB3oU,166,-0.08927106857299805,77.1353530883789,227.43386840820312,359.9681701660156,Nan,35
053oq2xB3oU,166,141.8730010986328,82.33709716796875,322.3149719238281,359.9586486816406,Nan,31
053oq2xB3oU,166,313.8443603515625,74.74012756347656,478.4071044921875,359.9130859375,Nan,32
053oq2xB3oU,166,362.0460205078125,73.86444091796875,479.8769836425781,359.9552307128906,Nan,33
053oq2xB3oU,166,167.3112030029297,63.348304748535156,409.0204162597656,359.9508056640625,Nan,34
053oq2xB3oU,167,-0.0973963737487793,77.12803649902344,227.4221649169922,359.96527099609375,Nan,35
053oq2xB3oU,167,141.86102294921875,82.32971954345703,322.299560546875,359.9559020996094,Nan,31
053oq2xB3oU,167,313.8381042480469,74.73286437988281,478.3975830078125,359.9101257324219,Nan,32
053oq2xB3oU,167,362.04144287109375,73.8572006225586,479.8697204589844,359.9522705078125,Nan,33
053oq2xB3oU,167,167.29981994628906,63.34120178222656,409.00543212890625,359.947509765625,Nan,34
053oq2xB3oU,168,-0.10552167892456055,77.1207275390625,227.4104461669922,359.9623718261719,Nan,35
053oq2xB3oU,168,141.84901428222656,82.32233428955078,322.2841796875,359.9531555175781,Nan,31
053oq2xB3oU,168,313.8318176269531,74.72560119628906,478.38800048828125,359.90716552734375,Nan,32
053oq2xB3oU,168,362.0368957519531,73.84993743896484,479.8624572753906,359.94927978515625,Nan,33
053oq2xB3oU,168,167.28846740722656,63.33412170410156,408.9904479980469,359.9442138671875,Nan,34
053oq2xB3oU,169,-0.11363983154296875,77.1134262084961,227.39871215820312,359.9594421386719,Nan,35
053oq2xB3oU,169,141.8370361328125,82.3149642944336,322.2687683105469,359.95037841796875,Nan,31
053oq2xB3oU,169,313.8255615234375,74.71835327148438,478.37847900390625,359.9042053222656,Nan,32
053oq2xB3oU,169,362.0323486328125,73.84268188476562,479.855224609375,359.9462585449219,Nan,33
053oq2xB3oU,169,167.277099609375,63.32705307006836,408.9754943847656,359.9409484863281,Nan,34
053oq2xB3oU,170,-0.12177228927612305,77.10611724853516,227.38697814941406,359.9565124511719,Nan,35
053oq2xB3oU,170,141.8250274658203,82.3075942993164,322.2533874511719,359.9476318359375,Nan,31
053oq2xB3oU,170,313.8192443847656,74.71109008789062,478.3689270019531,359.9012756347656,Nan,32
053oq2xB3oU,170,362.02777099609375,73.83544158935547,479.84796142578125,359.94329833984375,Nan,33
053oq2xB3oU,170,167.26573181152344,63.319969177246094,408.9604797363281,359.93768310546875,Nan,34
053oq2xB3oU,171,-0.1298832893371582,77.09883117675781,227.37527465820312,359.9536437988281,Nan,35
053oq2xB3oU,171,141.81301879882812,82.30020141601562,322.23797607421875,359.9448547363281,Nan,31
053oq2xB3oU,171,313.8129577636719,74.70380401611328,478.359375,359.8982849121094,Nan,32
053oq2xB3oU,171,362.023193359375,73.82820129394531,479.8406982421875,359.9403076171875,Nan,33
053oq2xB3oU,171,167.25436401367188,63.3128776550293,408.9455261230469,359.93438720703125,Nan,34
053oq2xB3oU,172,-0.13799428939819336,77.09154510498047,227.36355590820312,359.9507751464844,Nan,35
053oq2xB3oU,172,141.80104064941406,82.29283142089844,322.22259521484375,359.9421081542969,Nan,31
053oq2xB3oU,172,313.8066711425781,74.69651794433594,478.3498229980469,359.89532470703125,Nan,32
053oq2xB3oU,172,362.0186462402344,73.82093811035156,479.8334655761719,359.93731689453125,Nan,33
053oq2xB3oU,172,167.24301147460938,63.3057861328125,408.9305725097656,359.93109130859375,Nan,34
053oq2xB3oU,173,-0.14612674713134766,77.08424377441406,227.35183715820312,359.9478454589844,Nan,35
053oq2xB3oU,173,141.78903198242188,82.28546142578125,322.2072448730469,359.9393615722656,Nan,31
053oq2xB3oU,173,313.8004150390625,74.6892318725586,478.3403015136719,359.8923645019531,Nan,32
053oq2xB3oU,173,362.01409912109375,73.81367492675781,479.82623291015625,359.934326171875,Nan,33
053oq2xB3oU,173,167.23165893554688,63.2987060546875,408.91558837890625,359.9277648925781,Nan,34
053oq2xB3oU,174,-0.15423059463500977,77.07693481445312,227.34011840820312,359.9449462890625,Nan,35
053oq2xB3oU,174,141.77703857421875,82.27809143066406,322.1918029785156,359.93658447265625,Nan,31
053oq2xB3oU,174,313.7940979003906,74.68196105957031,478.33074951171875,359.8893737792969,Nan,32
053oq2xB3oU,174,362.0095520019531,73.80643463134766,479.8189697265625,359.9313659667969,Nan,33
053oq2xB3oU,174,167.2202911376953,63.29163360595703,408.900634765625,359.92449951171875,Nan,34
053oq2xB3oU,175,-0.16235589981079102,77.06962585449219,227.3284149169922,359.9420471191406,Nan,35
053oq2xB3oU,175,141.76504516601562,82.2707290649414,322.1764221191406,359.933837890625,Nan,31
053oq2xB3oU,175,313.787841796875,74.67467498779297,478.3211975097656,359.88641357421875,Nan,32
053oq2xB3oU,175,362.00494384765625,73.79918670654297,479.8117370605469,359.9283752441406,Nan,33
053oq2xB3oU,175,167.2089385986328,63.284542083740234,408.88568115234375,359.92120361328125,Nan,34
053oq2xB3oU,176,-0.17047405242919922,77.06232452392578,227.31668090820312,359.93914794921875,Nan,35
053oq2xB3oU,176,141.75302124023438,82.26335906982422,322.1610107421875,359.93109130859375,Nan,31
053oq2xB3oU,176,313.78155517578125,74.66738891601562,478.3116455078125,359.8834533691406,Nan,32
053oq2xB3oU,176,362.0003662109375,73.79194641113281,479.8044738769531,359.9254150390625,Nan,33
053oq2xB3oU,176,167.1975860595703,63.27747344970703,408.8706970214844,359.9179382324219,Nan,34
053oq2xB3oU,177,-0.17858505249023438,77.05501556396484,227.3049774169922,359.93621826171875,Nan,35
053oq2xB3oU,177,141.7410125732422,82.25598907470703,322.1456298828125,359.9283142089844,Nan,31
053oq2xB3oU,177,313.7752685546875,74.66010284423828,478.3021545410156,359.8804626464844,Nan,32
053oq2xB3oU,177,361.9957580566406,73.78468322753906,479.79718017578125,359.92242431640625,Nan,33
053oq2xB3oU,177,167.18621826171875,63.270381927490234,408.8557434082031,359.9146423339844,Nan,34
053oq2xB3oU,178,-0.18669605255126953,77.0477066040039,227.29327392578125,359.9333190917969,Nan,35
053oq2xB3oU,178,141.72900390625,82.24861907958984,322.1302185058594,359.925537109375,Nan,31
053oq2xB3oU,178,313.7690124511719,74.65283966064453,478.2926025390625,359.8775329589844,Nan,32
053oq2xB3oU,178,361.9911804199219,73.77742004394531,479.7899169921875,359.91943359375,Nan,33
053oq2xB3oU,178,167.17486572265625,63.26332092285156,408.8407897949219,359.911376953125,Nan,34
053oq2xB3oU,179,-0.19482135772705078,77.0404052734375,227.2815399169922,359.930419921875,Nan,35
053oq2xB3oU,179,141.71702575683594,82.24124145507812,322.1148376464844,359.9227600097656,Nan,31
053oq2xB3oU,179,313.7626953125,74.64557647705078,478.2830810546875,359.87457275390625,Nan,32
053oq2xB3oU,179,361.98663330078125,73.77015686035156,479.7826843261719,359.91644287109375,Nan,33
053oq2xB3oU,179,167.16348266601562,63.25625228881836,408.8257751464844,359.9081115722656,Nan,34
053oq2xB3oU,180,0.0,77.03999999999999,148.32,307.8,11,9
053oq2xB3oU,180,154.56,89.64,258.24,272.88,11,4
053oq2xB3oU,180,182.4,72.0,403.68,317.16,11,8
053oq2xB3oU,180,336.47999999999996,74.88,449.28000000000003,308.15999999999997,11,7
053oq2xB3oU,180,421.44,73.8,478.56,313.2,11,6
053oq2xB3oU,181,-0.011250972747802734,77.02333068847656,148.30258178710938,307.7953796386719,Nan,9
053oq2xB3oU,181,182.40634155273438,71.9258041381836,404.0919189453125,319.2007141113281,Nan,8
053oq2xB3oU,181,336.4663391113281,74.8633804321289,449.2611389160156,308.15533447265625,Nan,7
053oq2xB3oU,181,421.4350891113281,73.78355407714844,478.5520935058594,313.1952209472656,Nan,6
053oq2xB3oU,182,-1,-1,-1,-1,Nan,Nan
053oq2xB3oU,183,-1,-1,-1,-1,Nan,Nan
053oq2xB3oU,184,326.5781555175781,70.73597717285156,479.27215576171875,359.99078369140625,Nan,41
053oq2xB3oU,184,146.10813903808594,76.13911437988281,317.2217102050781,359.9912109375,Nan,42
053oq2xB3oU,184,0.09649515151977539,76.42401885986328,163.90846252441406,359.8633117675781,Nan,43
053oq2xB3oU,184,387.1110534667969,70.89666748046875,479.9822082519531,359.8041687011719,Nan,44
053oq2xB3oU,184,159.06068420410156,57.846527099609375,424.7748718261719,359.9896545410156,Nan,45
053oq2xB3oU,185,326.57232666015625,70.72877502441406,479.26324462890625,359.98773193359375,Nan,41
053oq2xB3oU,185,146.09608459472656,76.13182067871094,317.20635986328125,359.98828125,Nan,42
053oq2xB3oU,185,0.09033679962158203,76.4167251586914,163.89906311035156,359.8603820800781,Nan,43
053oq2xB3oU,185,387.1073913574219,70.88945007324219,479.97625732421875,359.8011169433594,Nan,44
053oq2xB3oU,185,159.04940795898438,57.83955383300781,424.760009765625,359.9862365722656,Nan,45
053oq2xB3oU,186,326.5665283203125,70.72158813476562,479.2542724609375,359.9846496582031,Nan,41
053oq2xB3oU,186,146.08404541015625,76.12452697753906,317.19097900390625,359.9853515625,Nan,42
053oq2xB3oU,186,0.08417844772338867,76.40941619873047,163.88966369628906,359.8575134277344,Nan,43
053oq2xB3oU,186,387.10369873046875,70.88224792480469,479.9703369140625,359.798095703125,Nan,44
053oq2xB3oU,186,159.03811645507812,57.83258819580078,424.7451477050781,359.9827880859375,Nan,45
053oq2xB3oU,187,326.5606689453125,70.71440124511719,479.24530029296875,359.9815979003906,Nan,41
053oq2xB3oU,187,146.072021484375,76.11724853515625,317.1756286621094,359.98248291015625,Nan,42
053oq2xB3oU,187,0.07802724838256836,76.4021224975586,163.8802490234375,359.8545837402344,Nan,43
053oq2xB3oU,187,387.1000061035156,70.87504577636719,479.96441650390625,359.7950439453125,Nan,44
053oq2xB3oU,187,159.02682495117188,57.82561492919922,424.73028564453125,359.9793395996094,Nan,45
053oq2xB3oU,188,326.5548095703125,70.70718383789062,479.236328125,359.9784851074219,Nan,41
053oq2xB3oU,188,146.05996704101562,76.1099624633789,317.1602783203125,359.9795227050781,Nan,42
053oq2xB3oU,188,0.07189035415649414,76.39482879638672,163.87086486816406,359.8516540527344,Nan,43
053oq2xB3oU,188,387.0963439941406,70.86784362792969,479.9584655761719,359.7919616699219,Nan,44
053oq2xB3oU,188,159.01553344726562,57.81863021850586,424.7154235839844,359.97589111328125,Nan,45
053oq2xB3oU,189,326.54901123046875,70.6999740600586,479.2273864746094,359.97540283203125,Nan,41
053oq2xB3oU,189,146.04795837402344,76.1026840209961,317.1448974609375,359.97662353515625,Nan,42
053oq2xB3oU,189,0.06573915481567383,76.38753509521484,163.8614501953125,359.8487548828125,Nan,43
053oq2xB3oU,189,387.0926818847656,70.86063385009766,479.9525146484375,359.7889099121094,Nan,44
053oq2xB3oU,189,159.00425720214844,57.8116569519043,424.7005615234375,359.9724426269531,Nan,45
053oq2xB3oU,190,326.543212890625,70.6927719116211,479.2184143066406,359.97235107421875,Nan,41
053oq2xB3oU,190,146.03590393066406,76.09542083740234,317.12957763671875,359.97369384765625,Nan,42
053oq2xB3oU,190,0.05959510803222656,76.38023376464844,163.85206604003906,359.8458251953125,Nan,43
053oq2xB3oU,190,387.0889892578125,70.85343933105469,479.94659423828125,359.7858581542969,Nan,44
053oq2xB3oU,190,158.9929656982422,57.80470657348633,424.6856994628906,359.9690246582031,Nan,45
053oq2xB3oU,191,326.537353515625,70.68555450439453,479.2094421386719,359.9692687988281,Nan,41
053oq2xB3oU,191,146.02389526367188,76.08811950683594,317.11419677734375,359.97076416015625,Nan,42
053oq2xB3oU,191,0.05344390869140625,76.37294006347656,163.84268188476562,359.8428955078125,Nan,43
053oq2xB3oU,191,387.0852966308594,70.84623718261719,479.940673828125,359.7828063964844,Nan,44
053oq2xB3oU,191,158.98167419433594,57.79772186279297,424.67083740234375,359.9655456542969,Nan,45
053oq2xB3oU,192,326.53155517578125,70.67835235595703,479.20050048828125,359.9662170410156,Nan,41
053oq2xB3oU,192,146.01185607910156,76.08082580566406,317.0988464355469,359.9678649902344,Nan,42
053oq2xB3oU,192,0.047299861907958984,76.36563110351562,163.8332977294922,359.84002685546875,Nan,43
053oq2xB3oU,192,387.0816345214844,70.83904266357422,479.9347229003906,359.7797546386719,Nan,44
053oq2xB3oU,192,158.97036743164062,57.79073715209961,424.65594482421875,359.96209716796875,Nan,45
053oq2xB3oU,193,326.5257568359375,70.6711654663086,479.1915283203125,359.9631652832031,Nan,41
053oq2xB3oU,193,145.9998016357422,76.07353210449219,317.08349609375,359.9649353027344,Nan,42
053oq2xB3oU,193,0.04115581512451172,76.35833740234375,163.8238983154297,359.83709716796875,Nan,43
053oq2xB3oU,193,387.0779724121094,70.83184814453125,479.92877197265625,359.77667236328125,Nan,44
053oq2xB3oU,193,158.95904541015625,57.78376388549805,424.64105224609375,359.95867919921875,Nan,45
053oq2xB3oU,194,326.5198669433594,70.6639633178711,479.1825866699219,359.9600830078125,Nan,41
053oq2xB3oU,194,145.9877471923828,76.06621551513672,317.068115234375,359.9620056152344,Nan,42
053oq2xB3oU,194,0.0350189208984375,76.35102081298828,163.81451416015625,359.8341369628906,Nan,43
053oq2xB3oU,194,387.07427978515625,70.82462310791016,479.9228515625,359.77362060546875,Nan,44
053oq2xB3oU,194,158.94776916503906,57.77677917480469,424.6261901855469,359.9552307128906,Nan,45
053oq2xB3oU,195,326.5140380859375,70.65676879882812,479.173583984375,359.95703125,Nan,41
053oq2xB3oU,195,145.9757080078125,76.05892181396484,317.05279541015625,359.9591064453125,Nan,42
053oq2xB3oU,195,0.028874874114990234,76.3437271118164,163.80511474609375,359.8312072753906,Nan,43
053oq2xB3oU,195,387.07061767578125,70.81739807128906,479.9169006347656,359.7705383300781,Nan,44
053oq2xB3oU,195,158.9364471435547,57.769805908203125,424.61126708984375,359.9517517089844,Nan,45
053oq2xB3oU,196,326.50823974609375,70.64956665039062,479.1646423339844,359.9539794921875,Nan,41
053oq2xB3oU,196,145.9636993408203,76.05162048339844,317.03741455078125,359.9561767578125,Nan,42
053oq2xB3oU,196,0.02273082733154297,76.33643341064453,163.7957305908203,359.82830810546875,Nan,43
053oq2xB3oU,196,387.0669250488281,70.8101806640625,479.91094970703125,359.7674560546875,Nan,44
053oq2xB3oU,196,158.92515563964844,57.762840270996094,424.596435546875,359.9483337402344,Nan,45
053oq2xB3oU,197,326.50238037109375,70.64234924316406,479.1556701660156,359.9508972167969,Nan,41
053oq2xB3oU,197,145.95166015625,76.04432678222656,317.0220642089844,359.9532775878906,Nan,42
053oq2xB3oU,197,0.016601085662841797,76.3291244506836,163.7863311767578,359.8254089355469,Nan,43
053oq2xB3oU,197,387.0632629394531,70.80294799804688,479.905029296875,359.764404296875,Nan,44
053oq2xB3oU,197,158.91387939453125,57.755855560302734,424.5815734863281,359.94488525390625,Nan,45
053oq2xB3oU,198,326.49652099609375,70.63516235351562,479.1466979980469,359.9478454589844,Nan,41
053oq2xB3oU,198,145.93959045410156,76.03703308105469,317.0067138671875,359.9503479003906,Nan,42
053oq2xB3oU,198,0.010449886322021484,76.32183074951172,163.77694702148438,359.8224792480469,Nan,43
053oq2xB3oU,198,387.0595703125,70.79573059082031,479.8990783691406,359.76129150390625,Nan,44
053oq2xB3oU,198,158.90255737304688,57.74888229370117,424.5666809082031,359.9414367675781,Nan,45
053oq2xB3oU,199,326.49072265625,70.62796783447266,479.13775634765625,359.94476318359375,Nan,41
053oq2xB3oU,199,145.9275665283203,76.02973937988281,316.9913635253906,359.9474182128906,Nan,42
053oq2xB3oU,199,0.004305839538574219,76.31452941894531,163.76754760742188,359.8195495605469,Nan,43
053oq2xB3oU,199,387.055908203125,70.78852844238281,479.8931579589844,359.7582702636719,Nan,44
053oq2xB3oU,199,158.89125061035156,57.74190902709961,424.5517578125,359.93798828125,Nan,45
053oq2xB3oU,200,326.4848937988281,70.62077331542969,479.1287536621094,359.94171142578125,Nan,41
053oq2xB3oU,200,145.91549682617188,76.0224380493164,316.9759826660156,359.94451904296875,Nan,42
053oq2xB3oU,200,-0.0018310546875,76.30723571777344,163.75816345214844,359.816650390625,Nan,43
053oq2xB3oU,200,387.05224609375,70.78132629394531,479.88720703125,359.75518798828125,Nan,44
053oq2xB3oU,200,158.8799285888672,57.73492431640625,424.5368957519531,359.9345397949219,Nan,45
053oq2xB3oU,201,326.4790954589844,70.61356353759766,479.11981201171875,359.9386291503906,Nan,41
053oq2xB3oU,201,145.9034423828125,76.01514434814453,316.96063232421875,359.94158935546875,Nan,42
053oq2xB3oU,201,-0.007975101470947266,76.29994201660156,163.74876403808594,359.813720703125,Nan,43
053oq2xB3oU,201,387.048583984375,70.77409362792969,479.8812561035156,359.75213623046875,Nan,44
053oq2xB3oU,201,158.8686065673828,57.727962493896484,424.52203369140625,359.9311218261719,Nan,45
053oq2xB3oU,202,326.4732360839844,70.60633850097656,479.1108093261719,359.935546875,Nan,41
053oq2xB3oU,202,145.8914031982422,76.00787353515625,316.94525146484375,359.93865966796875,Nan,42
053oq2xB3oU,202,-0.014111995697021484,76.29264831542969,163.7393798828125,359.8108215332031,Nan,43
053oq2xB3oU,202,387.0448913574219,70.76689910888672,479.8753356933594,359.74908447265625,Nan,44
053oq2xB3oU,202,158.8572998046875,57.720977783203125,424.5071105957031,359.92767333984375,Nan,45
053oq2xB3oU,203,326.4674377441406,70.59912872314453,479.10186767578125,359.9324645996094,Nan,41
053oq2xB3oU,203,145.8793487548828,76.00057220458984,316.929931640625,359.9357604980469,Nan,42
053oq2xB3oU,203,-0.020248889923095703,76.28534698486328,163.72999572753906,359.8078918457031,Nan,43
053oq2xB3oU,203,387.04119873046875,70.75967407226562,479.8694152832031,359.7459716796875,Nan,44
053oq2xB3oU,203,158.84600830078125,57.71400451660156,424.49224853515625,359.9242248535156,Nan,45
053oq2xB3oU,204,326.4615783691406,70.59191131591797,479.0929260253906,359.9293518066406,Nan,41
053oq2xB3oU,204,145.8673095703125,75.99327850341797,316.9145812988281,359.9328308105469,Nan,42
053oq2xB3oU,204,-0.026378631591796875,76.2780532836914,163.72061157226562,359.8049621582031,Nan,43
053oq2xB3oU,204,387.03753662109375,70.75247192382812,479.86346435546875,359.7429504394531,Nan,44
053oq2xB3oU,204,158.834716796875,57.70703125,424.4773864746094,359.9207763671875,Nan,45
053oq2xB3oU,205,326.45574951171875,70.5846939086914,479.08392333984375,359.9263000488281,Nan,41
053oq2xB3oU,205,145.85528564453125,75.9859848022461,316.8992004394531,359.929931640625,Nan,42
053oq2xB3oU,205,-0.03252267837524414,76.27075958251953,163.7112274169922,359.80206298828125,Nan,43
053oq2xB3oU,205,387.0338439941406,70.74526977539062,479.8575439453125,359.7398986816406,Nan,44
053oq2xB3oU,205,158.8234100341797,57.70004653930664,424.4625244140625,359.9173278808594,Nan,45
053oq2xB3oU,206,326.44989013671875,70.57746887207031,479.074951171875,359.9232177734375,Nan,41
053oq2xB3oU,206,145.84323120117188,75.97869110107422,316.8838806152344,359.927001953125,Nan,42
053oq2xB3oU,206,-0.038666725158691406,76.2634506225586,163.7018280029297,359.7991638183594,Nan,43
053oq2xB3oU,206,387.0301818847656,70.73805236816406,479.8515930175781,359.7367858886719,Nan,44
053oq2xB3oU,206,158.81211853027344,57.69306182861328,424.4476318359375,359.91387939453125,Nan,45
053oq2xB3oU,207,326.4440612792969,70.57028198242188,479.0659484863281,359.9201354980469,Nan,41
053oq2xB3oU,207,145.8311767578125,75.97138977050781,316.86846923828125,359.924072265625,Nan,42
053oq2xB3oU,207,-0.044803619384765625,76.25615692138672,163.69244384765625,359.7962341308594,Nan,43
053oq2xB3oU,207,387.0265197753906,70.7308349609375,479.84564208984375,359.7337646484375,Nan,44
053oq2xB3oU,207,158.80084228515625,57.68607711791992,424.4327392578125,359.9104309082031,Nan,45
053oq2xB3oU,208,326.4382019042969,70.56306457519531,479.05694580078125,359.91705322265625,Nan,41
053oq2xB3oU,208,145.81912231445312,75.96407318115234,316.85308837890625,359.9211730957031,Nan,42
053oq2xB3oU,208,-0.0509333610534668,76.24884796142578,163.68304443359375,359.7933349609375,Nan,43
053oq2xB3oU,208,387.0228271484375,70.72361755371094,479.8397216796875,359.73065185546875,Nan,44
053oq2xB3oU,208,158.78955078125,57.67909240722656,424.41790771484375,359.9070129394531,Nan,45
053oq2xB3oU,209,326.4323425292969,70.55587005615234,479.0480041503906,359.91400146484375,Nan,41
053oq2xB3oU,209,145.80706787109375,75.95677947998047,316.8377380371094,359.9182434082031,Nan,42
053oq2xB3oU,209,-0.057070255279541016,76.2415542602539,163.6736602783203,359.7904052734375,Nan,43
053oq2xB3oU,209,387.0191650390625,70.71641540527344,479.8337707519531,359.7276306152344,Nan,44
053oq2xB3oU,209,158.77822875976562,57.6721076965332,424.40301513671875,359.9035339355469,Nan,45
053oq2xB3oU,210,156.0,71.28,397.91999999999996,312.12,11,8
053oq2xB3oU,210,350.88,73.8,468.96,311.76,11,7
053oq2xB3oU,211,155.9958038330078,71.21977233886719,398.1412048339844,313.275390625,Nan,8
053oq2xB3oU,211,350.8458251953125,73.71492767333984,469.1524963378906,313.32269287109375,Nan,7
053oq2xB3oU,212,0.05275726318359375,74.61377716064453,160.5419921875,359.6575012207031,Nan,48
053oq2xB3oU,213,0.046727657318115234,74.60649108886719,160.53277587890625,359.654541015625,Nan,48
053oq2xB3oU,214,339.7394104003906,70.26666259765625,479.96307373046875,359.943603515625,Nan,50
053oq2xB3oU,214,146.4219207763672,57.48485565185547,417.3140563964844,359.9896545410156,Nan,51
053oq2xB3oU,214,0.040683746337890625,74.59919738769531,160.5235137939453,359.6515808105469,Nan,48
053oq2xB3oU,215,339.73406982421875,70.25946807861328,479.9547424316406,359.9405212402344,Nan,50
053oq2xB3oU,215,146.41038513183594,57.4778938293457,417.2989501953125,359.9861755371094,Nan,51
053oq2xB3oU,215,0.03465414047241211,74.59193420410156,160.51425170898438,359.64862060546875,Nan,48
053oq2xB3oU,216,339.72869873046875,70.25225830078125,479.9464111328125,359.93743896484375,Nan,50
053oq2xB3oU,216,146.39886474609375,57.47092056274414,417.28387451171875,359.98272705078125,Nan,51
053oq2xB3oU,216,0.028624534606933594,74.58464813232422,160.50502014160156,359.6456604003906,Nan,48
053oq2xB3oU,217,339.7233581542969,70.24504852294922,479.9380798339844,359.934326171875,Nan,50
053oq2xB3oU,217,146.3873291015625,57.46394729614258,417.268798828125,359.9792785644531,Nan,51
053oq2xB3oU,217,260.0380554199219,102.97595977783203,397.5852966308594,359.8478088378906,Nan,53
053oq2xB3oU,217,0.02258777618408203,74.57738494873047,160.4957733154297,359.6427001953125,Nan,48
053oq2xB3oU,218,339.718017578125,70.23784637451172,479.92974853515625,359.93121337890625,Nan,50
053oq2xB3oU,218,146.37579345703125,57.456974029541016,417.25372314453125,359.975830078125,Nan,51
053oq2xB3oU,218,260.0276794433594,102.96837615966797,397.5719909667969,359.8455810546875,Nan,53
053oq2xB3oU,218,0.016565322875976562,74.5700912475586,160.48654174804688,359.6397399902344,Nan,48
053oq2xB3oU,219,339.712646484375,70.23063659667969,479.92138671875,359.9281311035156,Nan,50
053oq2xB3oU,219,146.36427307128906,57.44999694824219,417.2386474609375,359.97235107421875,Nan,51
053oq2xB3oU,219,260.017333984375,102.96078491210938,397.5586853027344,359.8433532714844,Nan,53
053oq2xB3oU,219,0.010542869567871094,74.56280517578125,160.477294921875,359.63677978515625,Nan,48
053oq2xB3oU,220,339.7073059082031,70.22344970703125,479.9130554199219,359.9250793457031,Nan,50
053oq2xB3oU,220,146.35275268554688,57.443023681640625,417.2235412597656,359.9689025878906,Nan,51
053oq2xB3oU,220,260.0069885253906,102.95320129394531,397.54534912109375,359.8410949707031,Nan,53
053oq2xB3oU,220,0.004520416259765625,74.55554962158203,160.46804809570312,359.6337890625,Nan,48
053oq2xB3oU,221,339.70196533203125,70.21625518798828,479.90472412109375,359.9219665527344,Nan,50
053oq2xB3oU,221,146.34121704101562,57.436038970947266,417.20849609375,359.9654235839844,Nan,51
053oq2xB3oU,221,259.9966125488281,102.94561767578125,397.53204345703125,359.8388671875,Nan,53
053oq2xB3oU,221,-0.0015163421630859375,74.54826354980469,160.4588165283203,359.6308288574219,Nan,48
053oq2xB3oU,222,339.6966247558594,70.20904541015625,479.8963623046875,359.91888427734375,Nan,50
053oq2xB3oU,222,146.3297119140625,57.4290657043457,417.1933898925781,359.96197509765625,Nan,51
053oq2xB3oU,222,259.9862365722656,102.93803405761719,397.5187072753906,359.83660888671875,Nan,53
053oq2xB3oU,222,-0.007545948028564453,74.54100036621094,160.44956970214844,359.62786865234375,Nan,48
053oq2xB3oU,223,339.6912536621094,70.20183563232422,479.8880615234375,359.9158020019531,Nan,50
053oq2xB3oU,223,146.3181915283203,57.42209243774414,417.17828369140625,359.95849609375,Nan,51
053oq2xB3oU,223,259.97589111328125,102.93045043945312,397.50537109375,359.8343811035156,Nan,53
053oq2xB3oU,223,-0.013568401336669922,74.53370666503906,160.44033813476562,359.6249084472656,Nan,48
053oq2xB3oU,224,339.6859436035156,70.19462585449219,479.8797302246094,359.9127197265625,Nan,50
053oq2xB3oU,224,146.306640625,57.41511917114258,417.1631774902344,359.955078125,Nan,51
053oq2xB3oU,224,259.9655456542969,102.92285919189453,397.4920349121094,359.8321228027344,Nan,53
053oq2xB3oU,224,-0.019598007202148438,74.52643585205078,160.4310760498047,359.6219482421875,Nan,48
053oq2xB3oU,225,339.6805725097656,70.18744659423828,479.87139892578125,359.90960693359375,Nan,50
053oq2xB3oU,225,146.29510498046875,57.408145904541016,417.14813232421875,359.95159912109375,Nan,51
053oq2xB3oU,225,259.95513916015625,102.91527557373047,397.4787292480469,359.82989501953125,Nan,53
053oq2xB3oU,225,-0.025627613067626953,74.51915740966797,160.42184448242188,359.6189880371094,Nan,48
053oq2xB3oU,226,339.67523193359375,70.18023681640625,479.8630676269531,359.9065246582031,Nan,50
053oq2xB3oU,226,146.28358459472656,57.40117263793945,417.1330261230469,359.9481506347656,Nan,51
053oq2xB3oU,226,259.94482421875,102.9076919555664,397.4654541015625,359.82763671875,Nan,53
053oq2xB3oU,226,-0.03165721893310547,74.51189422607422,160.41259765625,359.61602783203125,Nan,48
053oq2xB3oU,226,412.83941650390625,71.91071319580078,479.9289245605469,359.79461669921875,Nan,49
053oq2xB3oU,227,339.669921875,70.17302703857422,479.8547058105469,359.9034423828125,Nan,50
053oq2xB3oU,227,146.27206420898438,57.39421081542969,417.1179504394531,359.9446716308594,Nan,51
053oq2xB3oU,227,259.9344482421875,102.90010833740234,397.4521179199219,359.8254089355469,Nan,53
053oq2xB3oU,227,-0.03767967224121094,74.50460815429688,160.40335083007812,359.6130676269531,Nan,48
053oq2xB3oU,227,412.83673095703125,71.90345764160156,479.9245300292969,359.79156494140625,Nan,49
053oq2xB3oU,228,339.66455078125,70.16582489013672,479.8464050292969,359.9003601074219,Nan,50
053oq2xB3oU,228,146.26052856445312,57.38723373413086,417.1028747558594,359.94122314453125,Nan,51
053oq2xB3oU,228,259.924072265625,102.89251708984375,397.4388122558594,359.82318115234375,Nan,53
053oq2xB3oU,228,-0.0437164306640625,74.49736022949219,160.39410400390625,359.610107421875,Nan,48
053oq2xB3oU,228,412.83404541015625,71.8962173461914,479.9200744628906,359.78851318359375,Nan,49
053oq2xB3oU,229,339.6592102050781,70.15861511230469,479.83807373046875,359.8972473144531,Nan,50
053oq2xB3oU,229,146.24899291992188,57.3802604675293,417.0877990722656,359.9377746582031,Nan,51
053oq2xB3oU,229,259.9137268066406,102.88493347167969,397.42547607421875,359.8209228515625,Nan,53
053oq2xB3oU,229,-0.04973888397216797,74.49007415771484,160.38487243652344,359.60711669921875,Nan,48
053oq2xB3oU,230,339.65386962890625,70.15140533447266,479.8297424316406,359.8941650390625,Nan,50
053oq2xB3oU,230,146.23744201660156,57.373287200927734,417.07269287109375,359.934326171875,Nan,51
053oq2xB3oU,230,259.9033203125,102.87734985351562,397.412109375,359.8186950683594,Nan,53
053oq2xB3oU,230,-0.055747032165527344,74.4827880859375,160.37562561035156,359.6041564941406,Nan,48
053oq2xB3oU,231,339.64849853515625,70.14419555664062,479.8214111328125,359.8910827636719,Nan,50
053oq2xB3oU,231,146.2259063720703,57.366336822509766,417.0576171875,359.9308776855469,Nan,51
053oq2xB3oU,231,259.8929443359375,102.86976623535156,397.3988037109375,359.8164367675781,Nan,53
053oq2xB3oU,231,-0.06177663803100586,74.47551727294922,160.3663787841797,359.6011962890625,Nan,48
053oq2xB3oU,232,339.6431884765625,70.13700103759766,479.81304931640625,359.8879699707031,Nan,50
053oq2xB3oU,232,146.2144012451172,57.35935974121094,417.0425109863281,359.92742919921875,Nan,51
053oq2xB3oU,232,259.8825988769531,102.8621826171875,397.3854675292969,359.814208984375,Nan,53
053oq2xB3oU,232,-0.06779909133911133,74.46824645996094,160.3571319580078,359.5982360839844,Nan,48
053oq2xB3oU,233,339.6378479003906,70.12979125976562,479.80474853515625,359.8848876953125,Nan,50
053oq2xB3oU,233,146.20286560058594,57.352386474609375,417.0274658203125,359.9239807128906,Nan,51
053oq2xB3oU,233,259.8721923828125,102.85460662841797,397.3721618652344,359.81195068359375,Nan,53
053oq2xB3oU,233,-0.07381439208984375,74.46096801757812,160.347900390625,359.59527587890625,Nan,48
053oq2xB3oU,234,339.63250732421875,70.1225814819336,479.7964172363281,359.88177490234375,Nan,50
053oq2xB3oU,234,146.1913299560547,57.34541320800781,417.0123596191406,359.9205322265625,Nan,51
053oq2xB3oU,234,259.8618469238281,102.8470230102539,397.35882568359375,359.8097229003906,Nan,53
053oq2xB3oU,234,-0.07983684539794922,74.45370483398438,160.33868408203125,359.5923156738281,Nan,48
053oq2xB3oU,235,339.6270751953125,70.11538696289062,479.78802490234375,359.87872314453125,Nan,50
053oq2xB3oU,235,146.17982482910156,57.33843994140625,416.9972839355469,359.91705322265625,Nan,51
053oq2xB3oU,235,259.8515319824219,102.83944702148438,397.34552001953125,359.80743408203125,Nan,53
053oq2xB3oU,235,-0.08586645126342773,74.44642639160156,160.32943725585938,359.5893249511719,Nan,48
053oq2xB3oU,236,339.6217041015625,70.10819244384766,479.7796630859375,359.8756408691406,Nan,50
053oq2xB3oU,236,146.16830444335938,57.331478118896484,416.982177734375,359.9136047363281,Nan,51
053oq2xB3oU,236,259.84112548828125,102.83186340332031,397.33221435546875,359.8052062988281,Nan,53
053oq2xB3oU,236,-0.09189605712890625,74.43914031982422,160.32017517089844,359.5863342285156,Nan,48
053oq2xB3oU,237,339.6163635253906,70.10098266601562,479.7713623046875,359.8725280761719,Nan,50
053oq2xB3oU,237,146.15676879882812,57.32450485229492,416.96710205078125,359.9101257324219,Nan,51
053oq2xB3oU,237,259.8307800292969,102.82427215576172,397.31890869140625,359.802978515625,Nan,53
053oq2xB3oU,237,-0.09791851043701172,74.43185424804688,160.31094360351562,359.5833740234375,Nan,48
053oq2xB3oU,238,339.6109619140625,70.09379577636719,479.76300048828125,359.86944580078125,Nan,50
053oq2xB3oU,238,146.14524841308594,57.31753158569336,416.9520263671875,359.9067077636719,Nan,51
053oq2xB3oU,238,147.4125518798828,103.92989349365234,311.76544189453125,359.9400329589844,Nan,52
053oq2xB3oU,238,259.8204345703125,102.81669616699219,397.3056335449219,359.8006896972656,Nan,53
053oq2xB3oU,238,-0.10393381118774414,74.42459106445312,160.3017120361328,359.5804138183594,Nan,48
053oq2xB3oU,239,339.6056213378906,70.08658599853516,479.7546691894531,359.8663635253906,Nan,50
053oq2xB3oU,239,146.13372802734375,57.31055450439453,416.9369201660156,359.9032287597656,Nan,51
053oq2xB3oU,239,259.8100280761719,102.80911254882812,397.2922668457031,359.7984619140625,Nan,53
053oq2xB3oU,239,-0.10995626449584961,74.41731262207031,160.29248046875,359.57745361328125,Nan,48
053oq2xB3oU,240,0.48,75.96,138.23999999999998,315.0,11,9
053oq2xB3oU,240,144.0,62.279999999999994,395.03999999999996,315.0,11,8
053oq2xB3oU,240,322.08000000000004,108.0,387.36,223.92,11,10
053oq2xB3oU,240,374.40000000000003,72.72,478.56,315.36,11,7
053oq2xB3oU,240,374.40000000000003,72.72,478.56,315.36,80,7
053oq2xB3oU,241,0.4693794250488281,75.94356536865234,138.2234649658203,314.9952392578125,Nan,9
053oq2xB3oU,241,143.97657775878906,62.26383590698242,395.0093688964844,314.9947814941406,Nan,8
053oq2xB3oU,241,374.369140625,72.66629791259766,478.6707763671875,316.4247131347656,Nan,7
053oq2xB3oU,242,-1,-1,-1,-1,Nan,Nan
053oq2xB3oU,243,277.76397705078125,101.58502197265625,413.6815185546875,359.9954833984375,Nan,61
053oq2xB3oU,244,0.05998849868774414,78.06755065917969,155.5441131591797,359.9913635253906,Nan,58
053oq2xB3oU,244,341.17193603515625,68.97517395019531,479.97515869140625,359.9906311035156,Nan,59
053oq2xB3oU,244,145.2867431640625,53.584999084472656,422.3340759277344,359.8699951171875,Nan,60
053oq2xB3oU,244,277.75439453125,101.57745361328125,413.66900634765625,359.99322509765625,Nan,61
053oq2xB3oU,245,0.054116249084472656,78.06024169921875,155.5350799560547,359.988525390625,Nan,58
053oq2xB3oU,245,341.1666259765625,68.9679946899414,479.9669189453125,359.9875183105469,Nan,59
053oq2xB3oU,245,145.2752227783203,53.578102111816406,422.3190612792969,359.866455078125,Nan,60
053oq2xB3oU,245,277.7448425292969,101.56989288330078,413.656494140625,359.9909362792969,Nan,61
053oq2xB3oU,246,0.04824399948120117,78.05294036865234,155.52603149414062,359.98565673828125,Nan,58
053oq2xB3oU,246,341.161376953125,68.96083068847656,479.9586181640625,359.98443603515625,Nan,59
053oq2xB3oU,246,145.26373291015625,53.57120132446289,422.3040466308594,359.86285400390625,Nan,60
053oq2xB3oU,246,277.7352600097656,101.56233978271484,413.64398193359375,359.9886779785156,Nan,61
053oq2xB3oU,247,0.042378902435302734,78.0456314086914,155.51699829101562,359.9827880859375,Nan,58
053oq2xB3oU,247,341.1560363769531,68.95365142822266,479.95037841796875,359.9813232421875,Nan,59
053oq2xB3oU,247,145.25222778320312,53.56430435180664,422.28900146484375,359.8592834472656,Nan,60
053oq2xB3oU,247,277.7256774902344,101.55475616455078,413.6314697265625,359.98638916015625,Nan,61
053oq2xB3oU,248,0.0365138053894043,78.03832244873047,155.50794982910156,359.97991943359375,Nan,58
053oq2xB3oU,248,341.1507873535156,68.94647979736328,479.94207763671875,359.9781799316406,Nan,59
053oq2xB3oU,248,145.24075317382812,53.557403564453125,422.27398681640625,359.855712890625,Nan,60
053oq2xB3oU,248,277.716064453125,101.54716491699219,413.61895751953125,359.9841003417969,Nan,61
053oq2xB3oU,249,0.030641555786132812,78.031005859375,155.49893188476562,359.9770812988281,Nan,58
053oq2xB3oU,249,341.14544677734375,68.9393081665039,479.933837890625,359.9750671386719,Nan,59
053oq2xB3oU,249,145.229248046875,53.550506591796875,422.2589416503906,359.8521423339844,Nan,60
053oq2xB3oU,249,277.70648193359375,101.53959655761719,413.60638427734375,359.9818115234375,Nan,61
053oq2xB3oU,250,0.024776458740234375,78.02369689941406,155.48988342285156,359.9742126464844,Nan,58
053oq2xB3oU,250,341.14019775390625,68.93212890625,479.9255676269531,359.971923828125,Nan,59
053oq2xB3oU,250,145.2177734375,53.54362869262695,422.2439270019531,359.8486022949219,Nan,60
053oq2xB3oU,250,277.6968688964844,101.5320053100586,413.5938415527344,359.9795227050781,Nan,61
053oq2xB3oU,251,0.018911361694335938,78.01637268066406,155.48086547851562,359.9713439941406,Nan,58
053oq2xB3oU,251,341.1348876953125,68.92495727539062,479.9173278808594,359.96881103515625,Nan,59
053oq2xB3oU,251,145.20626831054688,53.5367317199707,422.2288818359375,359.84503173828125,Nan,60
053oq2xB3oU,251,277.6872863769531,101.52442169189453,413.58135986328125,359.97723388671875,Nan,61
053oq2xB3oU,252,0.013053417205810547,78.009033203125,155.4718475341797,359.96844482421875,Nan,58
053oq2xB3oU,252,341.1296081542969,68.91778564453125,479.9090270996094,359.9656677246094,Nan,59
053oq2xB3oU,252,145.1947479248047,53.52983093261719,422.2138671875,359.8414611816406,Nan,60
053oq2xB3oU,252,277.677734375,101.516845703125,413.5688171386719,359.9749450683594,Nan,61
053oq2xB3oU,253,0.007202625274658203,78.00172424316406,155.4628143310547,359.965576171875,Nan,58
053oq2xB3oU,253,341.1242980957031,68.91060638427734,479.9007873535156,359.9625549316406,Nan,59
053oq2xB3oU,253,145.18325805664062,53.52293395996094,422.1988220214844,359.8378601074219,Nan,60
053oq2xB3oU,253,277.6681213378906,101.50926208496094,413.5562744140625,359.97265625,Nan,61
053oq2xB3oU,254,0.0013446807861328125,77.99442291259766,155.45379638671875,359.96270751953125,Nan,58
053oq2xB3oU,254,341.1190185546875,68.9034423828125,479.8924865722656,359.95941162109375,Nan,59
053oq2xB3oU,254,145.17178344726562,53.51606750488281,422.18377685546875,359.83428955078125,Nan,60
053oq2xB3oU,254,277.65850830078125,101.501708984375,413.54376220703125,359.97039794921875,Nan,61
053oq2xB3oU,255,-0.004513263702392578,77.98710632324219,155.44476318359375,359.9598693847656,Nan,58
053oq2xB3oU,255,341.11370849609375,68.89628601074219,479.8842468261719,359.956298828125,Nan,59
053oq2xB3oU,255,145.1602783203125,53.50917053222656,422.168701171875,359.83074951171875,Nan,60
053oq2xB3oU,255,277.64892578125,101.49414825439453,413.53118896484375,359.9681091308594,Nan,61
053oq2xB3oU,256,-0.010385513305664062,77.97977447509766,155.43572998046875,359.95697021484375,Nan,58
053oq2xB3oU,256,341.1084289550781,68.88910675048828,479.8759460449219,359.95318603515625,Nan,59
053oq2xB3oU,256,145.1487579345703,53.50226974487305,422.1536865234375,359.8271789550781,Nan,60
053oq2xB3oU,256,277.6393127441406,101.4865951538086,413.5186767578125,359.9658508300781,Nan,61
053oq2xB3oU,257,-0.0162506103515625,77.97245788574219,155.42669677734375,359.9541320800781,Nan,58
053oq2xB3oU,257,341.1031188964844,68.8819351196289,479.8677062988281,359.9500732421875,Nan,59
053oq2xB3oU,257,145.1372528076172,53.495391845703125,422.138671875,359.8236083984375,Nan,60
053oq2xB3oU,257,277.6297302246094,101.47900390625,413.506103515625,359.96356201171875,Nan,61
053oq2xB3oU,258,-0.02210855484008789,77.96513366699219,155.41766357421875,359.95123291015625,Nan,58
053oq2xB3oU,258,341.0978088378906,68.87476348876953,479.85943603515625,359.94696044921875,Nan,59
053oq2xB3oU,258,145.1257781982422,53.488494873046875,422.1236267089844,359.820068359375,Nan,60
053oq2xB3oU,258,277.6201171875,101.47142028808594,413.49359130859375,359.9612731933594,Nan,61
053oq2xB3oU,259,-0.027973651885986328,77.95780181884766,155.4086151123047,359.9483642578125,Nan,58
053oq2xB3oU,259,341.092529296875,68.86758422851562,479.8511657714844,359.9438171386719,Nan,59
053oq2xB3oU,259,145.11427307128906,53.48161697387695,422.10858154296875,359.8164978027344,Nan,60
053oq2xB3oU,259,277.6105041503906,101.4638442993164,413.4810485839844,359.958984375,Nan,61
053oq2xB3oU,260,-0.03382444381713867,77.95048522949219,155.3996124267578,359.9454650878906,Nan,58
053oq2xB3oU,260,341.0872497558594,68.86040496826172,479.8428955078125,359.9407043457031,Nan,59
053oq2xB3oU,260,145.10276794433594,53.4747200012207,422.0935363769531,359.81292724609375,Nan,60
053oq2xB3oU,260,277.60089111328125,101.45626068115234,413.468505859375,359.9566955566406,Nan,61
053oq2xB3oU,261,-0.03968954086303711,77.94318389892578,155.39056396484375,359.94256591796875,Nan,58
053oq2xB3oU,261,341.0819091796875,68.85322570800781,479.8345947265625,359.9375915527344,Nan,59
053oq2xB3oU,261,145.09127807617188,53.46784210205078,422.0785217285156,359.8093566894531,Nan,60
053oq2xB3oU,261,277.59130859375,101.44868469238281,413.4559631347656,359.9543762207031,Nan,61
053oq2xB3oU,262,-0.04555463790893555,77.93585205078125,155.38156127929688,359.939697265625,Nan,58
053oq2xB3oU,262,341.0766296386719,68.84606170654297,479.8263244628906,359.9344482421875,Nan,59
053oq2xB3oU,262,145.0797882080078,53.460941314697266,422.0634765625,359.8058166503906,Nan,60
053oq2xB3oU,262,277.5816955566406,101.44110107421875,413.44342041015625,359.9521179199219,Nan,61
053oq2xB3oU,263,-0.05141258239746094,77.92852783203125,155.37252807617188,359.93682861328125,Nan,58
053oq2xB3oU,263,341.0713195800781,68.83888244628906,479.81805419921875,359.93133544921875,Nan,59
053oq2xB3oU,263,145.0683135986328,53.454063415527344,422.0484619140625,359.80224609375,Nan,60
053oq2xB3oU,263,277.57208251953125,101.43352508544922,413.43084716796875,359.9497985839844,Nan,61
053oq2xB3oU,264,-0.057277679443359375,77.92121887207031,155.36349487304688,359.9339599609375,Nan,58
053oq2xB3oU,264,341.0660095214844,68.83170318603516,479.8097839355469,359.9281921386719,Nan,59
053oq2xB3oU,264,145.0568084716797,53.447166442871094,422.0334167480469,359.7986755371094,Nan,60
053oq2xB3oU,264,277.5625,101.42594146728516,413.4183349609375,359.947509765625,Nan,61
053oq2xB3oU,265,-0.06313562393188477,77.91389465332031,155.3544921875,359.93109130859375,Nan,58
053oq2xB3oU,265,341.06072998046875,68.82454681396484,479.801513671875,359.92510986328125,Nan,59
053oq2xB3oU,265,145.0452880859375,53.440269470214844,422.0184020996094,359.79510498046875,Nan,60
053oq2xB3oU,265,277.5528564453125,101.41836547851562,413.4057922363281,359.94525146484375,Nan,61
053oq2xB3oU,266,-0.06898641586303711,77.90658569335938,155.34547424316406,359.9281921386719,Nan,58
053oq2xB3oU,266,145.03378295898438,53.43336868286133,422.00335693359375,359.79150390625,Nan,60
053oq2xB3oU,266,277.54327392578125,101.41078186035156,413.3932800292969,359.94293212890625,Nan,61
053oq2xB3oU,267,-0.0748443603515625,77.89927673339844,155.33645629882812,359.9253234863281,Nan,58
053oq2xB3oU,267,145.0222625732422,53.426490783691406,421.98828125,359.7879638671875,Nan,60
053oq2xB3oU,267,277.53363037109375,101.40320587158203,413.3807373046875,359.9406433105469,Nan,61
053oq2xB3oU,268,-0.08069515228271484,77.89195251464844,155.32742309570312,359.9224548339844,Nan,58
053oq2xB3oU,268,341.0448303222656,68.80301666259766,479.7767028808594,359.9157409667969,Nan,59
053oq2xB3oU,268,145.01075744628906,53.419593811035156,421.9732360839844,359.7843933105469,Nan,60
053oq2xB3oU,268,277.5240478515625,101.39564514160156,413.3681640625,359.9383850097656,Nan,61
053oq2xB3oU,269,-0.08655309677124023,77.88463592529297,155.31842041015625,359.9195556640625,Nan,58
053oq2xB3oU,269,144.999267578125,53.412696838378906,421.95819091796875,359.78082275390625,Nan,60
053oq2xB3oU,269,277.5144348144531,101.38806915283203,413.35565185546875,359.93609619140625,Nan,61
053oq2xB3oU,270,127.2,61.919999999999995,361.44,313.92,11,8
053oq2xB3oU,270,387.84000000000003,74.52,480.0,320.04,11,7
053oq2xB3oU,271,127.1761474609375,61.90382766723633,361.408935546875,313.914794921875,Nan,8
053oq2xB3oU,271,387.83270263671875,74.50373077392578,479.9881896972656,320.0350341796875,Nan,7
053oq2xB3oU,272,0.07030248641967773,75.27915954589844,152.0474853515625,359.9941101074219,Nan,64
053oq2xB3oU,273,0.064544677734375,75.27188110351562,152.03860473632812,359.99114990234375,Nan,64
053oq2xB3oU,274,0.05879402160644531,75.26459503173828,152.02972412109375,359.9881896972656,Nan,64
053oq2xB3oU,275,301.28546142578125,106.04521179199219,444.6590576171875,359.9913635253906,Nan,65
053oq2xB3oU,275,326.6606750488281,70.8656005859375,479.96429443359375,359.98773193359375,Nan,66
053oq2xB3oU,275,0.053043365478515625,75.25732421875,152.02084350585938,359.9852294921875,Nan,64
